<?xml version="1.0" encoding="UTF-8"?>
<project-private xmlns="http://www.netbeans.org/ns/project-private/1">
    <editor-bookmarks xmlns="http://www.netbeans.org/ns/editor-bookmarks/2" lastBookmarkId="0"/>
    <open-files xmlns="http://www.netbeans.org/ns/projectui-open-files/2">
        <group>
            <file>file:/Users/fernandaleonhernandez/EntregablesCalculadora/Calculadora/ProyectoED/ProyectoED/src/proyectoed/GUI.java</file>
            <file>file:/Users/fernandaleonhernandez/EntregablesCalculadora/Calculadora/ProyectoED/ProyectoED/test/proyectoed/Test2.java</file>
            <file>file:/Users/fernandaleonhernandez/EntregablesCalculadora/Calculadora/ProyectoED/ProyectoED/test/proyectoed/Test1.java</file>
            <file>file:/Users/fernandaleonhernandez/EntregablesCalculadora/Calculadora/ProyectoED/ProyectoED/test/proyectoed/Test3.java</file>
        </group>
    </open-files>
</project-private>
